DNI,NOMBRE,APELLIDO,FECHA_DE_NACIMIENTO
95687677H,Paula,Moreno,1954-12-15
33373993G,Ana,Moreno,1973-04-26
32785191W,Rosa,Navarro,1958-02-26
15286333G,Isabel,Alonso,2002-03-13
84894716Z,Isabel,Muñoz,1973-02-26
89829578L,Javier,Molina,1966-07-07
77350426T,Elena,Díaz,1992-03-04
51820497W,Diego,Martínez,1965-12-19
56536207E,Lorena,Ramos,1987-12-15
28868298D,Marta,Gil,1982-11-07
10918369Q,Teresa,Ramos,1992-07-14
28962764Z,Carlos,Blanco,1944-03-02
43775606M,Rubén,Ruiz,1991-02-14
59852265D,Irene,Navarro,1995-04-17
95756674S,María,Ramírez,1984-02-10
70724505B,Andrea,García,1991-08-01
89511435N,Diego,Gómez,1958-02-05
29007537Y,Silvia,Díaz,1984-05-31
94631890T,Pablo,Pérez,1941-09-01
33419315Q,Cristina,Blanco,1999-04-15
98058483F,Luis,Gutiérrez,1991-05-26
88632258X,Marcos,Moreno,1970-10-12
61368291J,Antonio,Fernández,1956-06-04
96509983M,Rosa,Álvarez,1966-06-12
33814485T,Luis,Gil,1953-03-19
11358140G,María,Gil,1958-08-25
92257085Z,Antonio,Ramírez,1968-05-20
99293932B,Patricia,Suárez,1953-04-21
27778626P,José,Ramos,1940-05-19
30312751Q,Sara,Ramírez,1971-02-27
52521874V,Silvia,Romero,1985-07-31
82672314X,Alejandro,Vázquez,1944-03-27
32668989L,Beatriz,Álvarez,1956-01-18
11031771M,José,González,1955-01-19
69124601X,Antonio,Gómez,1982-07-14
68367358L,Álvaro,Ramírez,1940-03-31
15371842E,Pedro,Serrano,1974-03-28
73969288T,Lucía,Gil,1949-08-01
12719237F,Iván,Navarro,1979-09-21
60109956P,Lucía,Vázquez,1945-09-22
58425631L,Antonio,Delgado,1940-07-05
18178876K,Daniel,Suárez,1969-04-04
49874664S,Isabel,López,1969-09-04
55008141F,Manuel,Martínez,1965-04-25
15727075C,Pablo,Muñoz,1994-08-20
49620820E,Isabel,Hernández,1997-12-14
24333793T,José,Pérez,1962-11-29
48764152N,Rosa,Martínez,1951-10-04
63508851D,Javier,Álvarez,1991-10-15
38941402X,Iván,Martín,1987-11-06
72211581E,Sergio,Sánchez,2003-08-16
58841907H,Teresa,Morales,1995-05-14
76193935H,Rubén,Alonso,1955-06-18
52387512K,Alejandro,Muñoz,1947-11-13
47029131L,David,Vázquez,1988-09-12
99486065W,Iván,Sánchez,2005-11-23
18696534H,Irene,López,1965-02-15
66749770K,David,Ramos,1964-01-04
49444747Z,Alejandro,Rodríguez,1962-08-13
92465162X,José,Muñoz,1941-07-26
52701404D,Sergio,Gómez,1972-08-09
32410591A,Rosa,Rodríguez,1945-04-21
31107786X,Laura,Alonso,1995-08-05
91148498G,Pedro,Molina,1967-03-08
47635315S,María,Ruiz,1974-03-06
38539156B,David,Gutiérrez,1965-03-26
67608923D,Sergio,Rodríguez,1945-10-03
96525085L,Isabel,López,2005-12-21
40826941D,Manuel,Molina,1968-12-09
82289180X,Sergio,Álvarez,1954-08-31
47930034N,Sergio,Navarro,1943-04-28
94251735N,Ana,Fernández,1985-08-27
51670768A,Javier,Fernández,1954-02-16
72651642R,Paula,Díaz,1974-03-13
88500309N,Beatriz,Muñoz,2000-04-25
38111354D,Rosa,Gutiérrez,1972-08-01
15836086B,Daniel,López,1986-03-25
22192521M,Francisco,Domínguez,1976-06-10
60561451J,Pedro,López,1969-01-12
47472223Q,Lucía,Blanco,1946-02-05
50214273Y,Pedro,Alonso,1988-07-14
56771532B,Laura,García,1991-06-28
34835137G,Pablo,Gómez,1959-12-07
75412091J,Cristina,Alonso,2001-04-19
30485159Q,Álvaro,Gil,1942-10-14
87001886Q,Paula,Pérez,2001-10-12
78201341F,Álvaro,Martínez,1948-09-17
25152370F,Andrea,Delgado,1956-11-16
15103533P,Isabel,Vázquez,2003-02-12
68845190A,Carmen,Gutiérrez,1998-11-15
67026456V,David,Ramírez,1956-05-31
16254486H,Patricia,Pérez,1999-07-30
83948335Z,Marcos,Molina,1954-08-14
25611763K,Antonio,Morales,1954-08-20
56534883D,Teresa,Torres,1965-07-21
39234821H,Andrea,Pérez,1997-07-06
43854613F,Pablo,Alonso,1974-02-07
86496608W,Patricia,Blanco,1959-07-25
65477631N,Sara,Suárez,1981-06-07
60157627T,Paula,Blanco,1940-08-29
51309516N,Patricia,Romero,1996-08-06
87077854S,Javier,Ramírez,1971-02-21
38387229E,Pablo,Martín,1948-02-29
89899982C,Rubén,Delgado,2003-11-28
54106734Q,María,Serrano,1940-02-28
19211783K,Marta,Romero,1990-01-29
11464890B,Jorge,Romero,1973-08-28
39242400F,Teresa,Serrano,1989-07-02
73245621M,Teresa,Romero,1973-02-04
45364039N,Rosa,Blanco,1946-03-25
46717293S,Raquel,López,1953-11-09
95098858E,Sergio,Pérez,1987-12-21
81824705C,Irene,Gutiérrez,1948-11-10
16815417W,Iván,Martín,1957-01-01
80718377S,Javier,Martínez,1974-01-27
84026436F,Pedro,Alonso,1949-10-21
83926472R,Pedro,Suárez,1966-02-06
36490947K,Jorge,Molina,1988-05-29
20634652H,Cristina,Blanco,1985-07-18
54879573D,Alejandro,Álvarez,1940-05-14
74834113W,Silvia,Moreno,1999-09-07
49625025H,Raquel,Molina,1953-07-10
38309176P,Lucía,Ramírez,1980-02-06
54737166H,María,Delgado,1941-07-20
98867081V,Jorge,Rodríguez,1952-01-15
45251859A,Isabel,Ortega,1944-01-14
32108833M,Irene,Gutiérrez,1944-07-13
90227596E,Marcos,Jiménez,1980-04-21
56654816C,Sara,Martínez,1993-10-30
46736088L,Ana,Rodríguez,1985-06-16
93691212E,Paula,Muñoz,1981-09-15
19962235Y,Álvaro,Vázquez,1993-06-26
83843933D,Daniel,Martínez,1959-05-31
74687906Y,Irene,Domínguez,1981-01-02
63761204Y,Silvia,Ramírez,1999-11-17
76665647T,Juan,Martín,1998-11-24
75730979Y,Elena,Domínguez,1957-07-31
24701796A,José,Pérez,1978-10-04
69404573A,Irene,Rodríguez,2004-06-10
19412493X,Ana,Álvarez,1987-08-02
18652857H,Juan,Delgado,1994-04-04
84152091J,Carlos,Vázquez,1942-04-08
42418243X,Juan,Pérez,1954-08-24
82691646E,Marcos,Morales,1950-01-12
87599814J,Cristina,López,1963-09-20
95660462N,Cristina,García,1957-06-22
90514954H,Carlos,Martínez,1941-02-27
59262388J,Cristina,Alonso,1956-07-18
69268476C,Ana,Romero,1984-10-13
48468467S,Sergio,Blanco,1945-07-03
73701899D,Carlos,Pérez,1981-12-03
91834157X,Silvia,Hernández,1986-12-06
12349258Y,Isabel,Romero,1960-02-27
49475814P,Daniel,Suárez,1992-04-20
17671314T,Isabel,Delgado,1967-05-24
26210450H,Sergio,Muñoz,1981-07-05
49554560W,Rubén,Rodríguez,1972-03-07
84854404K,Sergio,Romero,1966-01-07
60032647W,Irene,Rodríguez,1999-01-16
32173169X,Silvia,Muñoz,1989-04-20
84895374M,Beatriz,Gutiérrez,1961-07-31
31893250R,Francisco,Gil,1991-03-25
33970559L,Paula,Torres,1961-03-04
45362547S,Iván,Pérez,1993-11-21
87755686Z,Laura,Ortega,1961-12-27
71400180S,Rubén,Moreno,1968-12-03
26103432L,Sergio,Rodríguez,1944-09-22
27631435V,Juan,Pérez,1946-10-14
47741629T,Marta,Fernández,1968-10-05
35515695S,Iván,Delgado,1952-05-07
14483450M,Juan,Molina,1956-10-18
63162730S,Cristina,Domínguez,1957-09-03
13784600X,Javier,Delgado,1950-12-09
18880508S,Beatriz,Pérez,1950-01-18
40845421C,Ana,Torres,1981-07-19
32782751T,Jorge,Alonso,1958-10-24
56986539Z,Laura,Jiménez,1972-02-15
91549615R,Beatriz,Jiménez,1949-07-16
27343595E,Javier,Vázquez,1961-03-14
12760463V,Jorge,Gutiérrez,1962-04-24
67869677N,Pedro,López,2004-07-03
79453845T,Javier,Jiménez,1997-09-07
26594772X,Luis,González,1953-02-03
99280335F,Irene,Muñoz,1949-05-28
17540898V,Elena,Ruiz,1983-08-04
91450905F,Ana,Álvarez,1995-03-22
15315190L,Laura,Domínguez,2001-03-31
46734900G,Rosa,Gil,1991-04-25
71859962G,Álvaro,Ramírez,1990-01-18
20421552J,Irene,Martín,1960-03-15
20169727S,Javier,López,1968-06-10
15859847J,Elena,Martín,1990-05-06
87038765A,Marcos,Domínguez,1957-01-07
89496101L,Andrea,Molina,1986-08-18
39416833P,Lucía,Álvarez,1951-06-26
86271393A,Paula,Rodríguez,1976-09-18
90350199N,José,Martínez,1942-11-18
68784045S,Marcos,Moreno,1942-07-05
51543826K,Patricia,Álvarez,1948-08-29
65435269Q,Antonio,Pérez,1989-05-11
55729840N,José,Ramírez,1964-09-27
80640849C,Ana,Sánchez,1962-07-18
67829346T,Lucía,García,1990-03-29
64056121V,Daniel,Navarro,1999-03-10
33627718Q,Pedro,Suárez,1954-08-28
34312354B,Lorena,Ortega,1980-08-24
77812051S,Marta,Vázquez,1971-06-30
93873253H,Lucía,Ortega,1954-07-05
97622987Q,Iván,Alonso,1955-07-13
93509828Q,Manuel,Delgado,1982-12-13
11339331D,Irene,Gutiérrez,1997-10-18
33261323B,José,Alonso,2004-03-15
11656876Q,Antonio,Álvarez,1984-02-13
15972957D,Raquel,Ramírez,2002-09-30
80854679L,Cristina,Martín,1960-09-09
98257125K,Carmen,Serrano,1988-12-10
92093958A,Juan,Morales,1992-04-13
58731743R,David,Gil,1940-09-19
88017015V,Pablo,González,2004-04-14
33189042L,Jorge,Rodríguez,1975-03-03
26117197F,Manuel,Morales,1956-10-04
66207723S,Juan,Pérez,1996-07-26
93704870H,Beatriz,Díaz,1993-06-09
88059915E,Rosa,Díaz,1941-07-26
67184678E,Laura,Martín,1992-02-25
85287783B,David,Romero,1957-09-30
40068377P,David,Díaz,1986-07-31
13903735M,Cristina,Jiménez,1973-08-12
40847927L,Daniel,Díaz,1963-01-02
48713409F,Alejandro,Ruiz,1983-05-17
98175294R,Raquel,Sánchez,1946-03-23
30883836B,Teresa,Pérez,1942-11-22
71867131C,Pedro,Vázquez,2005-01-19
98176500B,Antonio,Sánchez,1993-01-21
44475075K,Manuel,Blanco,1971-03-21
86278823G,Sergio,Muñoz,1993-05-19
50601920B,Daniel,Gutiérrez,1958-04-20
50575369W,Daniel,Domínguez,1959-07-06
12744554R,Paula,Muñoz,1983-12-26
38802350Q,Antonio,Muñoz,1978-12-22
61467113G,Rosa,Hernández,1953-09-16
48218834R,Ana,Fernández,1972-08-22
67542356G,Andrea,Rodríguez,1954-01-23
45417728L,Manuel,Ramírez,1983-10-17
53579044S,Laura,Martín,1984-04-26
11650129P,Antonio,Domínguez,1947-12-20
16715155C,Pablo,Gómez,1943-04-12
26134635B,Sara,Romero,1945-05-25
82624404D,Paula,Torres,1967-06-03
52180657M,Lucía,Suárez,1976-10-26
59188253F,Raquel,Vázquez,1974-11-03
93873776N,Cristina,Hernández,1984-03-23
41401695Q,Pedro,Jiménez,1979-04-11
46368735E,Ana,Díaz,1966-08-28
48517592N,José,Serrano,1957-02-03
99516533H,Teresa,Domínguez,2005-04-17
96539025K,Luis,Romero,1975-05-25
80609207A,Iván,Álvarez,1990-02-17
84653742B,Álvaro,Álvarez,1983-11-23
88247865Q,José,Delgado,1966-10-20
38034334Q,Iván,Pérez,1962-12-04
66825755Z,Javier,Ortega,1990-01-03
44514136M,Pablo,Alonso,1992-09-26
14314859G,Pablo,Torres,1998-07-30
93662649W,Sergio,Sánchez,1952-03-11
64636100M,Sara,Gutiérrez,1946-08-13
22288013R,Daniel,Álvarez,1984-12-13
48772646L,Álvaro,Jiménez,1963-11-02
83255569P,Sergio,Fernández,1945-03-16
93264624S,Rubén,Blanco,1970-10-02
46500617E,Alejandro,Martínez,1998-03-19
50891695D,Sergio,Serrano,1986-09-19
72137824A,Diego,Morales,1946-06-24
22597681C,Lorena,García,1996-01-19
56134797P,Andrea,Muñoz,1992-12-06
30656706Y,Álvaro,Sánchez,1954-08-23
74881506S,Isabel,Moreno,1994-12-09
55520589S,Marta,Martín,1946-03-16
92619047W,Rubén,Delgado,1983-09-16
80912022T,Laura,Hernández,1992-10-06
88010119K,Paula,González,2004-10-20
90610670P,Teresa,González,1986-12-01
89736418D,Antonio,Suárez,1982-06-30
90741289X,Diego,Blanco,1952-12-08
97532134J,María,Álvarez,1960-04-06
51261225K,Luis,Delgado,1961-03-15
79480961E,María,Domínguez,1996-02-12
32002060K,Carlos,Serrano,1995-06-15
48583049B,Paula,Gómez,1983-06-17
67080433J,Ana,Gutiérrez,1967-06-14
27809823V,María,Ramos,1969-05-23
12897114W,Iván,Fernández,2001-02-17
33240004J,Francisco,López,2003-03-22
73605354H,Carlos,Gutiérrez,1945-11-24
76064019Y,Elena,Ruiz,2002-04-06
15230351G,Antonio,Domínguez,1955-02-15
18603636V,Carmen,Torres,1980-05-19
31412360H,Francisco,Gil,1976-09-29
51340825H,Diego,Moreno,1962-08-01
56286070X,Paula,Gil,1993-09-12
42949999Y,Sara,Jiménez,2004-08-05
76029484V,Iván,Molina,1999-02-03
65731868F,María,López,1947-03-05
11064772R,Javier,Suárez,1957-01-12
80773268M,Laura,Vázquez,1956-01-21
99871931C,Beatriz,Álvarez,1999-11-23
85380086S,María,Ortega,1961-11-25
29679257B,Andrea,Molina,1990-03-29
68387290X,Paula,Navarro,1986-04-18
63976836J,Elena,Gómez,1958-04-12
38913762Q,Daniel,Moreno,1953-02-14
10342138G,José,Romero,1943-02-23
13610185G,Irene,López,1998-08-09
86571363F,Teresa,Ortega,1950-02-05
31845858N,Andrea,García,1994-02-05
66818030V,Patricia,Blanco,1998-03-25
93463152F,Lucía,Pérez,1991-02-18
30042775Z,Alejandro,Blanco,1959-05-01
14206571T,Andrea,Moreno,1998-10-12
63415121G,Jorge,Blanco,1940-08-28
90393485N,Carlos,Gutiérrez,1973-01-11
16916326X,Javier,Pérez,1951-10-20
56359636E,Alejandro,Díaz,1998-08-03
44392161E,Luis,Martínez,1962-07-01
69915462Q,Carmen,González,2003-04-29
98770234T,Marta,Gómez,1965-09-21
24048079S,Raquel,Muñoz,1954-04-13
20149074Q,Beatriz,Hernández,1952-07-01
70794932N,Elena,Rodríguez,1979-06-19
37719309E,Alejandro,Serrano,1947-09-28
92016204N,Patricia,Delgado,2004-10-08
89147936M,Luis,Blanco,1973-03-13
79896272E,Marcos,López,1982-03-20
98487159D,Sergio,Gómez,1983-05-10
20142815J,Sergio,Moreno,1999-04-08
19191525A,Paula,Moreno,1953-11-09
66521735P,Irene,Delgado,1975-12-17
77882526H,Teresa,Ruiz,1992-10-09
39636436F,Paula,Pérez,1961-11-08
40235993T,Sergio,Fernández,1978-09-01
33691917E,Daniel,Torres,1985-08-27
14575779N,Carmen,Ruiz,1975-08-09
73711441Y,Teresa,González,1967-03-18
86368268W,Manuel,Muñoz,1992-08-30
40475953R,Manuel,Alonso,1960-05-13
46979771V,Luis,Fernández,1998-10-31
77715776H,Álvaro,Álvarez,1962-04-03
71910235E,Laura,Martín,2002-06-28
84242271X,Iván,Molina,1995-05-07
80396949N,Ana,Martín,1997-06-03
59356643Z,Marcos,Álvarez,1981-07-27
24075391A,Sergio,Gómez,1997-07-06
97958552B,Daniel,Blanco,1966-04-19
82816938X,Marta,Pérez,1957-08-23
90001417W,Juan,Molina,1950-06-18
55198059Z,José,Navarro,1999-06-21
19055223E,Marta,Serrano,1962-11-02
10165966N,Cristina,Ortega,2003-05-01
15234276L,Álvaro,Ramírez,1976-01-04
75568929Z,Beatriz,Álvarez,1958-03-26
29456471A,Raquel,Alonso,1953-08-21
23171496P,Cristina,Torres,1981-02-13
17965785W,Pedro,Molina,1963-01-28
18521284M,Marcos,Blanco,1975-03-01
68676488Y,Teresa,Muñoz,2002-12-30
19853627G,Patricia,Domínguez,2000-12-18
99937746D,Lorena,Domínguez,1990-01-20
66012651Y,Teresa,Alonso,1958-07-31
84239572W,Francisco,Pérez,1979-05-07
90910285W,María,González,1979-03-22
34246654E,Álvaro,Navarro,1988-10-28
66449614S,Beatriz,Domínguez,1941-03-29
48193556T,Lucía,Gutiérrez,1964-05-24
62483695D,David,Blanco,1981-08-13
31295424Z,Isabel,Sánchez,1946-05-14
56881139T,Lucía,Hernández,1981-05-21
33680844N,Javier,Álvarez,1970-04-22
17224839R,Laura,Hernández,1958-09-02
59843569F,Rosa,Delgado,1947-05-06
64180195Y,Lucía,Ruiz,1991-04-09
70137819D,Marta,Martínez,1958-08-14
98637894W,Elena,Delgado,1957-07-15
87853740L,Luis,Vázquez,1983-05-26
25993162B,Silvia,Hernández,2003-04-21
62457433J,Álvaro,Díaz,2003-10-31
58981272A,Elena,Jiménez,1948-11-04
24052286J,Diego,Gutiérrez,1959-02-26
21725891E,Carmen,Ramírez,1946-04-06
49593496E,Marta,Muñoz,1950-08-30
64212361H,Luis,Suárez,1941-10-26
38770168B,Antonio,Blanco,1983-08-20
56656441N,Álvaro,Navarro,1981-04-19
51109848F,José,Torres,1951-07-03
61845261D,Irene,Gutiérrez,1986-10-28
73034272A,Carmen,Serrano,1944-08-02
33632510R,Lorena,Romero,1989-12-10
65650961Z,Irene,Suárez,1958-01-15
58227444T,Isabel,Molina,2003-04-12
37055458C,María,Moreno,1958-09-20
13272479F,Pablo,Gómez,1964-09-02
60671257V,Sergio,López,1955-03-19
49351443K,Francisco,Sánchez,1985-05-12
13693331M,Pablo,Pérez,1944-04-27
62029227K,Irene,Serrano,1948-11-28
20678271Y,Juan,Gil,1998-10-03
95698286R,Iván,Ramírez,1958-12-06
25467686Q,Silvia,Muñoz,1987-10-09
42290286W,Javier,Jiménez,1982-08-15
81794190A,Diego,López,1953-09-14
81992474G,Iván,Moreno,1942-07-17
48521629R,Javier,Ruiz,1980-02-21
52533633T,Pedro,Gil,1955-11-08
48886665G,Manuel,Romero,1973-11-02
13469781S,Isabel,Domínguez,1969-09-17
52833376F,Laura,Muñoz,1961-11-19
53885277A,Álvaro,Alonso,1943-03-02
47164730X,Manuel,Navarro,1991-07-17
31648164A,Pablo,Ramos,1981-04-26
83399489V,Raquel,Ramos,1984-01-09
82966909K,Sergio,Romero,1941-12-11
97012853A,Javier,García,1968-11-19
32774103T,Teresa,Fernández,1958-07-01
58280565Z,Elena,Jiménez,1943-05-31
62324400N,Irene,García,1972-06-09
54392212H,Marcos,Blanco,1986-07-12
71655091V,Iván,Romero,1958-09-16
81722665P,Isabel,Ruiz,1946-07-19
63889750M,Alejandro,Rodríguez,1965-05-09
18307808S,Cristina,Pérez,1975-10-09
67817605N,Paula,García,1991-11-12
65415531N,Pedro,Sánchez,1970-04-25
27582364M,Irene,Martínez,1979-07-04
87465143F,Beatriz,Jiménez,1966-04-27
16208668Q,Marta,Alonso,1958-06-09
65793938T,Lucía,Alonso,1979-05-03
78152185W,Isabel,Alonso,1945-08-19
30762825A,Javier,Fernández,1995-04-03
81254264W,Cristina,Muñoz,1948-02-15
43095592D,Jorge,Gil,2005-10-27
29507837X,Daniel,Gómez,2004-01-26
40364022B,Lorena,Morales,1956-10-17
90781670A,Andrea,Alonso,2005-01-18
85903025A,Isabel,Domínguez,1986-07-08
11599067Y,Iván,Domínguez,1945-06-27
52967398P,Raquel,Rodríguez,1947-12-21
93660844Z,Beatriz,Gómez,1967-03-15
64581599Z,Carlos,Álvarez,1994-09-21
62070290Y,Isabel,Muñoz,1971-10-01
22204858Z,Luis,Díaz,1955-06-27
26971732T,Daniel,Moreno,1978-09-01
75172768M,Antonio,Molina,1958-10-13
22617378Y,Cristina,Ruiz,1974-07-28
87352400X,Jorge,Rodríguez,1973-12-19
20118520Y,María,Suárez,1999-06-02
66918004X,Juan,Vázquez,1976-06-17
82842554G,Lucía,Muñoz,1969-09-21
22013420M,Laura,Jiménez,1988-08-28
34422571N,David,Domínguez,1957-12-21
73700180S,David,González,1971-10-05
51909074Y,Rosa,López,1998-06-25
99362701X,Francisco,Jiménez,1952-08-16
65397248Z,Beatriz,Ramírez,1994-07-12
33373888Z,David,Domínguez,1962-05-16
47236187Y,Cristina,Gómez,1957-02-08
84070411Y,Paula,Martín,1942-02-23
39215289J,Alejandro,Blanco,1946-08-27
53729207B,Javier,Domínguez,1994-09-22
27184124X,Teresa,Vázquez,1987-12-23
76940733Y,Rosa,Suárez,1994-10-10
56174180S,Cristina,Martín,1968-08-04
33393806Z,María,Alonso,1983-09-12
87032641C,Ana,Suárez,1965-04-14
72677112X,Manuel,Serrano,2004-06-03
90021622J,Rosa,Delgado,1995-06-16
31930268N,José,Jiménez,1952-08-02
56917556P,Lucía,Martínez,1982-10-31
69346569M,Pablo,Vázquez,1963-02-19
96166542T,Teresa,Pérez,1978-05-02
30195050Y,Rosa,Muñoz,1996-05-21
37350182E,Paula,Gil,1952-08-08
65773880K,Daniel,Domínguez,1969-04-21
95084975P,Álvaro,Navarro,1961-03-05
34617831W,José,Navarro,1963-01-06
43704920K,José,Alonso,1999-04-20
61448258D,Raquel,Ramos,2000-06-16
37026528R,Cristina,Rodríguez,1997-05-19
93096876Y,Pedro,Romero,2003-03-20
84499987B,Cristina,Pérez,1985-02-18
32127951X,Ana,Gómez,1969-09-04
74983934R,Francisco,Álvarez,1984-02-05
24912721H,Luis,Ramos,1957-04-26
16159334V,Irene,Sánchez,1940-09-30
47984195P,Pablo,Navarro,1994-10-01
92782516X,Elena,Vázquez,1982-01-12
47825583G,Irene,Navarro,1960-03-11
20051657G,Alejandro,Blanco,1947-01-27
44084750Y,Jorge,Ramos,1970-07-07
46103906S,Rubén,Romero,1971-04-12
46069700X,Carlos,Martínez,1951-10-12
29900933J,Daniel,Fernández,1962-05-13
